INSERT INTO FEEDS_USER(userName, password) VALUES ('testUser1', 'testUser1');
INSERT INTO FEEDS_USER(userName, password) VALUES ('testUser2', 'testUser2');
INSERT INTO FEEDS_USER(userName, password) VALUES ('testUser3', 'testUser3');
INSERT INTO FEEDS_USER(userName, password) VALUES ('testUser4', 'testUser4');
INSERT INTO FEEDS_USER(userName, password) VALUES ('testUser5', 'testUser5');
INSERT INTO FEEDS_USER(userName, password) VALUES ('testUser6', 'testUser6');
INSERT INTO FEEDS_USER(userName, password) VALUES ('testUser7', 'testUser7');
INSERT INTO FEEDS_USER(userName, password) VALUES ('testUser8', 'testUser8');
INSERT INTO FEEDS_USER(userName, password) VALUES ('testUser9', 'testUser9');
INSERT INTO FEEDS_USER(userName, password) VALUES ('testUser10', 'testUser10');

INSERT INTO FEEDS_USER_FOLLOWER(userName, followerUserName) VALUES ('testUser1', 'testUser2');
INSERT INTO FEEDS_USER_FOLLOWER(userName, followerUserName) VALUES ('testUser1', 'testUser7');
INSERT INTO FEEDS_USER_FOLLOWER(userName, followerUserName) VALUES ('testUser1', 'testUser10');
INSERT INTO FEEDS_USER_FOLLOWER(userName, followerUserName) VALUES ('testUser1', 'testUser9');
INSERT INTO FEEDS_USER_FOLLOWER(userName, followerUserName) VALUES ('testUser1', 'testUser5');
INSERT INTO FEEDS_USER_FOLLOWER(userName, followerUserName) VALUES ('testUser2', 'testUser9');
INSERT INTO FEEDS_USER_FOLLOWER(userName, followerUserName) VALUES ('testUser2', 'testUser5');
INSERT INTO FEEDS_USER_FOLLOWER(userName, followerUserName) VALUES ('testUser2', 'testUser3');
INSERT INTO FEEDS_USER_FOLLOWER(userName, followerUserName) VALUES ('testUser2', 'testUser6');
INSERT INTO FEEDS_USER_FOLLOWER(userName, followerUserName) VALUES ('testUser2', 'testUser10');
INSERT INTO FEEDS_USER_FOLLOWER(userName, followerUserName) VALUES ('testUser3', 'testUser7');
INSERT INTO FEEDS_USER_FOLLOWER(userName, followerUserName) VALUES ('testUser3', 'testUser6');
INSERT INTO FEEDS_USER_FOLLOWER(userName, followerUserName) VALUES ('testUser3', 'testUser8');
INSERT INTO FEEDS_USER_FOLLOWER(userName, followerUserName) VALUES ('testUser3', 'testUser9');
INSERT INTO FEEDS_USER_FOLLOWER(userName, followerUserName) VALUES ('testUser3', 'testUser4');
INSERT INTO FEEDS_USER_FOLLOWER(userName, followerUserName) VALUES ('testUser4', 'testUser10');
INSERT INTO FEEDS_USER_FOLLOWER(userName, followerUserName) VALUES ('testUser4', 'testUser6');
INSERT INTO FEEDS_USER_FOLLOWER(userName, followerUserName) VALUES ('testUser4', 'testUser8');
INSERT INTO FEEDS_USER_FOLLOWER(userName, followerUserName) VALUES ('testUser4', 'testUser2');
INSERT INTO FEEDS_USER_FOLLOWER(userName, followerUserName) VALUES ('testUser4', 'testUser7');
INSERT INTO FEEDS_USER_FOLLOWER(userName, followerUserName) VALUES ('testUser5', 'testUser7');
INSERT INTO FEEDS_USER_FOLLOWER(userName, followerUserName) VALUES ('testUser5', 'testUser1');
INSERT INTO FEEDS_USER_FOLLOWER(userName, followerUserName) VALUES ('testUser5', 'testUser10');
INSERT INTO FEEDS_USER_FOLLOWER(userName, followerUserName) VALUES ('testUser5', 'testUser6');
INSERT INTO FEEDS_USER_FOLLOWER(userName, followerUserName) VALUES ('testUser5', 'testUser2');
INSERT INTO FEEDS_USER_FOLLOWER(userName, followerUserName) VALUES ('testUser6', 'testUser10');
INSERT INTO FEEDS_USER_FOLLOWER(userName, followerUserName) VALUES ('testUser6', 'testUser1');
INSERT INTO FEEDS_USER_FOLLOWER(userName, followerUserName) VALUES ('testUser6', 'testUser7');
INSERT INTO FEEDS_USER_FOLLOWER(userName, followerUserName) VALUES ('testUser6', 'testUser3');
INSERT INTO FEEDS_USER_FOLLOWER(userName, followerUserName) VALUES ('testUser6', 'testUser5');
INSERT INTO FEEDS_USER_FOLLOWER(userName, followerUserName) VALUES ('testUser7', 'testUser8');
INSERT INTO FEEDS_USER_FOLLOWER(userName, followerUserName) VALUES ('testUser7', 'testUser5');
INSERT INTO FEEDS_USER_FOLLOWER(userName, followerUserName) VALUES ('testUser7', 'testUser4');
INSERT INTO FEEDS_USER_FOLLOWER(userName, followerUserName) VALUES ('testUser7', 'testUser2');
INSERT INTO FEEDS_USER_FOLLOWER(userName, followerUserName) VALUES ('testUser7', 'testUser10');
INSERT INTO FEEDS_USER_FOLLOWER(userName, followerUserName) VALUES ('testUser8', 'testUser6');
INSERT INTO FEEDS_USER_FOLLOWER(userName, followerUserName) VALUES ('testUser8', 'testUser1');
INSERT INTO FEEDS_USER_FOLLOWER(userName, followerUserName) VALUES ('testUser8', 'testUser9');
INSERT INTO FEEDS_USER_FOLLOWER(userName, followerUserName) VALUES ('testUser8', 'testUser2');
INSERT INTO FEEDS_USER_FOLLOWER(userName, followerUserName) VALUES ('testUser8', 'testUser4');
INSERT INTO FEEDS_USER_FOLLOWER(userName, followerUserName) VALUES ('testUser9', 'testUser7');
INSERT INTO FEEDS_USER_FOLLOWER(userName, followerUserName) VALUES ('testUser9', 'testUser6');
INSERT INTO FEEDS_USER_FOLLOWER(userName, followerUserName) VALUES ('testUser9', 'testUser3');
INSERT INTO FEEDS_USER_FOLLOWER(userName, followerUserName) VALUES ('testUser9', 'testUser8');
INSERT INTO FEEDS_USER_FOLLOWER(userName, followerUserName) VALUES ('testUser9', 'testUser4');
INSERT INTO FEEDS_USER_FOLLOWER(userName, followerUserName) VALUES ('testUser10', 'testUser1');
INSERT INTO FEEDS_USER_FOLLOWER(userName, followerUserName) VALUES ('testUser10', 'testUser8');
INSERT INTO FEEDS_USER_FOLLOWER(userName, followerUserName) VALUES ('testUser10', 'testUser7');
INSERT INTO FEEDS_USER_FOLLOWER(userName, followerUserName) VALUES ('testUser10', 'testUser9');
INSERT INTO FEEDS_USER_FOLLOWER(userName, followerUserName) VALUES ('testUser10', 'testUser6');

INSERT INTO FEEDS_MESSAGE(userName, textMessage, publishDate) VALUES ('testUser1', 'This is a message written by user testUser1 on 2016-01-15 02:00:22', TIMESTAMP '2016-01-15 02:00:22');
INSERT INTO FEEDS_MESSAGE(userName, textMessage, publishDate) VALUES ('testUser1', 'This is a message written by user testUser1 on 2015-10-25 10:09:55', TIMESTAMP '2015-10-25 10:09:55');
INSERT INTO FEEDS_MESSAGE(userName, textMessage, publishDate) VALUES ('testUser1', 'This is a message written by user testUser1 on 2014-07-14 09:46:28', TIMESTAMP '2014-07-14 09:46:28');
INSERT INTO FEEDS_MESSAGE(userName, textMessage, publishDate) VALUES ('testUser1', 'This is a message written by user testUser1 on 2015-01-15 11:35:07', TIMESTAMP '2015-01-15 11:35:07');
INSERT INTO FEEDS_MESSAGE(userName, textMessage, publishDate) VALUES ('testUser1', 'This is a message written by user testUser1 on 2016-02-04 04:19:45', TIMESTAMP '2016-02-04 04:19:45');
INSERT INTO FEEDS_MESSAGE(userName, textMessage, publishDate) VALUES ('testUser1', 'This is a message written by user testUser1 on 2014-06-01 10:06:41', TIMESTAMP '2014-06-01 10:06:41');
INSERT INTO FEEDS_MESSAGE(userName, textMessage, publishDate) VALUES ('testUser1', 'This is a message written by user testUser1 on 2014-03-14 00:56:15', TIMESTAMP '2014-03-14 00:56:15');
INSERT INTO FEEDS_MESSAGE(userName, textMessage, publishDate) VALUES ('testUser1', 'This is a message written by user testUser1 on 2013-11-25 02:21:53', TIMESTAMP '2013-11-25 02:21:53');
INSERT INTO FEEDS_MESSAGE(userName, textMessage, publishDate) VALUES ('testUser1', 'This is a message written by user testUser1 on 2013-09-14 10:25:10', TIMESTAMP '2013-09-14 10:25:10');
INSERT INTO FEEDS_MESSAGE(userName, textMessage, publishDate) VALUES ('testUser1', 'This is a message written by user testUser1 on 2012-01-24 09:34:26', TIMESTAMP '2012-01-24 09:34:26');
INSERT INTO FEEDS_MESSAGE(userName, textMessage, publishDate) VALUES ('testUser1', 'This is a message written by user testUser1 on 2016-03-23 01:34:21', TIMESTAMP '2016-03-23 01:34:21');
INSERT INTO FEEDS_MESSAGE(userName, textMessage, publishDate) VALUES ('testUser1', 'This is a message written by user testUser1 on 2015-05-26 08:48:54', TIMESTAMP '2015-05-26 08:48:54');
INSERT INTO FEEDS_MESSAGE(userName, textMessage, publishDate) VALUES ('testUser1', 'This is a message written by user testUser1 on 2014-06-20 01:11:53', TIMESTAMP '2014-06-20 01:11:53');
INSERT INTO FEEDS_MESSAGE(userName, textMessage, publishDate) VALUES ('testUser1', 'This is a message written by user testUser1 on 2013-12-27 10:35:02', TIMESTAMP '2013-12-27 10:35:02');
INSERT INTO FEEDS_MESSAGE(userName, textMessage, publishDate) VALUES ('testUser1', 'This is a message written by user testUser1 on 2013-09-17 05:13:19', TIMESTAMP '2013-09-17 05:13:19');
INSERT INTO FEEDS_MESSAGE(userName, textMessage, publishDate) VALUES ('testUser1', 'This is a message written by user testUser1 on 2013-02-03 07:57:41', TIMESTAMP '2013-02-03 07:57:41');
INSERT INTO FEEDS_MESSAGE(userName, textMessage, publishDate) VALUES ('testUser1', 'This is a message written by user testUser1 on 2014-08-22 07:28:03', TIMESTAMP '2014-08-22 07:28:03');
INSERT INTO FEEDS_MESSAGE(userName, textMessage, publishDate) VALUES ('testUser1', 'This is a message written by user testUser1 on 2015-09-18 11:50:56', TIMESTAMP '2015-09-18 11:50:56');
INSERT INTO FEEDS_MESSAGE(userName, textMessage, publishDate) VALUES ('testUser1', 'This is a message written by user testUser1 on 2015-09-02 06:50:52', TIMESTAMP '2015-09-02 06:50:52');
INSERT INTO FEEDS_MESSAGE(userName, textMessage, publishDate) VALUES ('testUser1', 'This is a message written by user testUser1 on 2015-04-08 07:46:14', TIMESTAMP '2015-04-08 07:46:14');
INSERT INTO FEEDS_MESSAGE(userName, textMessage, publishDate) VALUES ('testUser1', 'This is a message written by user testUser1 on 2013-09-25 04:57:35', TIMESTAMP '2013-09-25 04:57:35');
INSERT INTO FEEDS_MESSAGE(userName, textMessage, publishDate) VALUES ('testUser1', 'This is a message written by user testUser1 on 2013-07-03 07:20:54', TIMESTAMP '2013-07-03 07:20:54');
INSERT INTO FEEDS_MESSAGE(userName, textMessage, publishDate) VALUES ('testUser1', 'This is a message written by user testUser1 on 2013-08-05 06:05:47', TIMESTAMP '2013-08-05 06:05:47');
INSERT INTO FEEDS_MESSAGE(userName, textMessage, publishDate) VALUES ('testUser1', 'This is a message written by user testUser1 on 2015-09-24 07:42:56', TIMESTAMP '2015-09-24 07:42:56');
INSERT INTO FEEDS_MESSAGE(userName, textMessage, publishDate) VALUES ('testUser1', 'This is a message written by user testUser1 on 2015-10-05 07:15:57', TIMESTAMP '2015-10-05 07:15:57');
INSERT INTO FEEDS_MESSAGE(userName, textMessage, publishDate) VALUES ('testUser1', 'This is a message written by user testUser1 on 2016-03-08 05:03:54', TIMESTAMP '2016-03-08 05:03:54');
INSERT INTO FEEDS_MESSAGE(userName, textMessage, publishDate) VALUES ('testUser1', 'This is a message written by user testUser1 on 2016-03-27 02:11:38', TIMESTAMP '2016-03-27 02:11:38');
INSERT INTO FEEDS_MESSAGE(userName, textMessage, publishDate) VALUES ('testUser1', 'This is a message written by user testUser1 on 2014-12-28 05:40:12', TIMESTAMP '2014-12-28 05:40:12');
INSERT INTO FEEDS_MESSAGE(userName, textMessage, publishDate) VALUES ('testUser2', 'This is a message written by user testUser2 on 2013-08-19 10:37:18', TIMESTAMP '2013-08-19 10:37:18');
INSERT INTO FEEDS_MESSAGE(userName, textMessage, publishDate) VALUES ('testUser2', 'This is a message written by user testUser2 on 2014-05-12 03:12:57', TIMESTAMP '2014-05-12 03:12:57');
INSERT INTO FEEDS_MESSAGE(userName, textMessage, publishDate) VALUES ('testUser2', 'This is a message written by user testUser2 on 2015-07-04 04:58:14', TIMESTAMP '2015-07-04 04:58:14');
INSERT INTO FEEDS_MESSAGE(userName, textMessage, publishDate) VALUES ('testUser2', 'This is a message written by user testUser2 on 2015-11-11 09:30:49', TIMESTAMP '2015-11-11 09:30:49');
INSERT INTO FEEDS_MESSAGE(userName, textMessage, publishDate) VALUES ('testUser2', 'This is a message written by user testUser2 on 2016-07-13 10:25:45', TIMESTAMP '2016-07-13 10:25:45');
INSERT INTO FEEDS_MESSAGE(userName, textMessage, publishDate) VALUES ('testUser2', 'This is a message written by user testUser2 on 2015-12-21 02:25:36', TIMESTAMP '2015-12-21 02:25:36');
INSERT INTO FEEDS_MESSAGE(userName, textMessage, publishDate) VALUES ('testUser2', 'This is a message written by user testUser2 on 2015-08-26 08:08:13', TIMESTAMP '2015-08-26 08:08:13');
INSERT INTO FEEDS_MESSAGE(userName, textMessage, publishDate) VALUES ('testUser2', 'This is a message written by user testUser2 on 2013-11-16 09:43:33', TIMESTAMP '2013-11-16 09:43:33');
INSERT INTO FEEDS_MESSAGE(userName, textMessage, publishDate) VALUES ('testUser2', 'This is a message written by user testUser2 on 2013-05-18 06:37:31', TIMESTAMP '2013-05-18 06:37:31');
INSERT INTO FEEDS_MESSAGE(userName, textMessage, publishDate) VALUES ('testUser2', 'This is a message written by user testUser2 on 2016-05-21 09:38:17', TIMESTAMP '2016-05-21 09:38:17');
INSERT INTO FEEDS_MESSAGE(userName, textMessage, publishDate) VALUES ('testUser2', 'This is a message written by user testUser2 on 2014-04-10 07:46:15', TIMESTAMP '2014-04-10 07:46:15');
INSERT INTO FEEDS_MESSAGE(userName, textMessage, publishDate) VALUES ('testUser2', 'This is a message written by user testUser2 on 2014-06-17 06:29:11', TIMESTAMP '2014-06-17 06:29:11');
INSERT INTO FEEDS_MESSAGE(userName, textMessage, publishDate) VALUES ('testUser3', 'This is a message written by user testUser3 on 2015-06-13 03:56:46', TIMESTAMP '2015-06-13 03:56:46');
INSERT INTO FEEDS_MESSAGE(userName, textMessage, publishDate) VALUES ('testUser3', 'This is a message written by user testUser3 on 2016-01-26 03:12:01', TIMESTAMP '2016-01-26 03:12:01');
INSERT INTO FEEDS_MESSAGE(userName, textMessage, publishDate) VALUES ('testUser3', 'This is a message written by user testUser3 on 2016-02-23 03:22:53', TIMESTAMP '2016-02-23 03:22:53');
INSERT INTO FEEDS_MESSAGE(userName, textMessage, publishDate) VALUES ('testUser3', 'This is a message written by user testUser3 on 2016-02-02 11:02:13', TIMESTAMP '2016-02-02 11:02:13');
INSERT INTO FEEDS_MESSAGE(userName, textMessage, publishDate) VALUES ('testUser3', 'This is a message written by user testUser3 on 2015-09-10 03:17:12', TIMESTAMP '2015-09-10 03:17:12');
INSERT INTO FEEDS_MESSAGE(userName, textMessage, publishDate) VALUES ('testUser3', 'This is a message written by user testUser3 on 2015-07-09 03:45:12', TIMESTAMP '2015-07-09 03:45:12');
INSERT INTO FEEDS_MESSAGE(userName, textMessage, publishDate) VALUES ('testUser3', 'This is a message written by user testUser3 on 2014-04-23 07:04:08', TIMESTAMP '2014-04-23 07:04:08');
INSERT INTO FEEDS_MESSAGE(userName, textMessage, publishDate) VALUES ('testUser3', 'This is a message written by user testUser3 on 2014-02-21 07:53:49', TIMESTAMP '2014-02-21 07:53:49');
INSERT INTO FEEDS_MESSAGE(userName, textMessage, publishDate) VALUES ('testUser3', 'This is a message written by user testUser3 on 2014-02-10 00:00:40', TIMESTAMP '2014-02-10 00:00:40');
INSERT INTO FEEDS_MESSAGE(userName, textMessage, publishDate) VALUES ('testUser3', 'This is a message written by user testUser3 on 2016-02-06 02:45:31', TIMESTAMP '2016-02-06 02:45:31');
INSERT INTO FEEDS_MESSAGE(userName, textMessage, publishDate) VALUES ('testUser3', 'This is a message written by user testUser3 on 2016-02-12 00:08:10', TIMESTAMP '2016-02-12 00:08:10');
INSERT INTO FEEDS_MESSAGE(userName, textMessage, publishDate) VALUES ('testUser4', 'This is a message written by user testUser4 on 2016-08-21 10:55:35', TIMESTAMP '2016-08-21 10:55:35');
INSERT INTO FEEDS_MESSAGE(userName, textMessage, publishDate) VALUES ('testUser4', 'This is a message written by user testUser4 on 2015-08-02 00:58:50', TIMESTAMP '2015-08-02 00:58:50');
INSERT INTO FEEDS_MESSAGE(userName, textMessage, publishDate) VALUES ('testUser4', 'This is a message written by user testUser4 on 2015-06-25 03:26:41', TIMESTAMP '2015-06-25 03:26:41');
INSERT INTO FEEDS_MESSAGE(userName, textMessage, publishDate) VALUES ('testUser4', 'This is a message written by user testUser4 on 2015-12-11 09:50:29', TIMESTAMP '2015-12-11 09:50:29');
INSERT INTO FEEDS_MESSAGE(userName, textMessage, publishDate) VALUES ('testUser4', 'This is a message written by user testUser4 on 2016-04-21 11:02:25', TIMESTAMP '2016-04-21 11:02:25');
INSERT INTO FEEDS_MESSAGE(userName, textMessage, publishDate) VALUES ('testUser4', 'This is a message written by user testUser4 on 2015-11-12 08:18:46', TIMESTAMP '2015-11-12 08:18:46');
INSERT INTO FEEDS_MESSAGE(userName, textMessage, publishDate) VALUES ('testUser4', 'This is a message written by user testUser4 on 2014-01-23 00:45:00', TIMESTAMP '2014-01-23 00:45:00');
INSERT INTO FEEDS_MESSAGE(userName, textMessage, publishDate) VALUES ('testUser4', 'This is a message written by user testUser4 on 2014-03-24 01:38:09', TIMESTAMP '2014-03-24 01:38:09');
INSERT INTO FEEDS_MESSAGE(userName, textMessage, publishDate) VALUES ('testUser4', 'This is a message written by user testUser4 on 2014-07-14 04:51:39', TIMESTAMP '2014-07-14 04:51:39');
INSERT INTO FEEDS_MESSAGE(userName, textMessage, publishDate) VALUES ('testUser4', 'This is a message written by user testUser4 on 2015-09-10 01:17:39', TIMESTAMP '2015-09-10 01:17:39');
INSERT INTO FEEDS_MESSAGE(userName, textMessage, publishDate) VALUES ('testUser5', 'This is a message written by user testUser5 on 2015-10-21 11:32:11', TIMESTAMP '2015-10-21 11:32:11');
INSERT INTO FEEDS_MESSAGE(userName, textMessage, publishDate) VALUES ('testUser5', 'This is a message written by user testUser5 on 2016-02-05 06:27:24', TIMESTAMP '2016-02-05 06:27:24');
INSERT INTO FEEDS_MESSAGE(userName, textMessage, publishDate) VALUES ('testUser5', 'This is a message written by user testUser5 on 2016-08-07 07:16:01', TIMESTAMP '2016-08-07 07:16:01');
INSERT INTO FEEDS_MESSAGE(userName, textMessage, publishDate) VALUES ('testUser5', 'This is a message written by user testUser5 on 2016-03-07 11:30:50', TIMESTAMP '2016-03-07 11:30:50');
INSERT INTO FEEDS_MESSAGE(userName, textMessage, publishDate) VALUES ('testUser5', 'This is a message written by user testUser5 on 2016-07-28 10:52:55', TIMESTAMP '2016-07-28 10:52:55');
INSERT INTO FEEDS_MESSAGE(userName, textMessage, publishDate) VALUES ('testUser5', 'This is a message written by user testUser5 on 2016-01-18 04:23:18', TIMESTAMP '2016-01-18 04:23:18');
INSERT INTO FEEDS_MESSAGE(userName, textMessage, publishDate) VALUES ('testUser5', 'This is a message written by user testUser5 on 2016-04-12 04:21:18', TIMESTAMP '2016-04-12 04:21:18');
INSERT INTO FEEDS_MESSAGE(userName, textMessage, publishDate) VALUES ('testUser5', 'This is a message written by user testUser5 on 2015-01-20 00:14:19', TIMESTAMP '2015-01-20 00:14:19');
INSERT INTO FEEDS_MESSAGE(userName, textMessage, publishDate) VALUES ('testUser5', 'This is a message written by user testUser5 on 2015-09-29 02:27:42', TIMESTAMP '2015-09-29 02:27:42');
INSERT INTO FEEDS_MESSAGE(userName, textMessage, publishDate) VALUES ('testUser5', 'This is a message written by user testUser5 on 2015-02-27 11:26:00', TIMESTAMP '2015-02-27 11:26:00');
INSERT INTO FEEDS_MESSAGE(userName, textMessage, publishDate) VALUES ('testUser5', 'This is a message written by user testUser5 on 2014-09-29 10:56:07', TIMESTAMP '2014-09-29 10:56:07');
INSERT INTO FEEDS_MESSAGE(userName, textMessage, publishDate) VALUES ('testUser5', 'This is a message written by user testUser5 on 2014-05-24 09:06:23', TIMESTAMP '2014-05-24 09:06:23');
INSERT INTO FEEDS_MESSAGE(userName, textMessage, publishDate) VALUES ('testUser5', 'This is a message written by user testUser5 on 2015-11-03 07:08:46', TIMESTAMP '2015-11-03 07:08:46');
INSERT INTO FEEDS_MESSAGE(userName, textMessage, publishDate) VALUES ('testUser5', 'This is a message written by user testUser5 on 2015-09-14 11:41:08', TIMESTAMP '2015-09-14 11:41:08');
INSERT INTO FEEDS_MESSAGE(userName, textMessage, publishDate) VALUES ('testUser6', 'This is a message written by user testUser6 on 2014-11-08 04:45:23', TIMESTAMP '2014-11-08 04:45:23');
INSERT INTO FEEDS_MESSAGE(userName, textMessage, publishDate) VALUES ('testUser6', 'This is a message written by user testUser6 on 2014-10-09 08:26:06', TIMESTAMP '2014-10-09 08:26:06');
INSERT INTO FEEDS_MESSAGE(userName, textMessage, publishDate) VALUES ('testUser6', 'This is a message written by user testUser6 on 2015-06-03 10:55:13', TIMESTAMP '2015-06-03 10:55:13');
INSERT INTO FEEDS_MESSAGE(userName, textMessage, publishDate) VALUES ('testUser6', 'This is a message written by user testUser6 on 2015-01-08 08:41:26', TIMESTAMP '2015-01-08 08:41:26');
INSERT INTO FEEDS_MESSAGE(userName, textMessage, publishDate) VALUES ('testUser6', 'This is a message written by user testUser6 on 2016-05-19 09:26:37', TIMESTAMP '2016-05-19 09:26:37');
INSERT INTO FEEDS_MESSAGE(userName, textMessage, publishDate) VALUES ('testUser6', 'This is a message written by user testUser6 on 2016-08-04 11:51:36', TIMESTAMP '2016-08-04 11:51:36');
INSERT INTO FEEDS_MESSAGE(userName, textMessage, publishDate) VALUES ('testUser6', 'This is a message written by user testUser6 on 2015-02-28 06:05:19', TIMESTAMP '2015-02-28 06:05:19');
INSERT INTO FEEDS_MESSAGE(userName, textMessage, publishDate) VALUES ('testUser6', 'This is a message written by user testUser6 on 2015-04-14 04:20:29', TIMESTAMP '2015-04-14 04:20:29');
INSERT INTO FEEDS_MESSAGE(userName, textMessage, publishDate) VALUES ('testUser6', 'This is a message written by user testUser6 on 2014-10-22 09:10:20', TIMESTAMP '2014-10-22 09:10:20');
INSERT INTO FEEDS_MESSAGE(userName, textMessage, publishDate) VALUES ('testUser6', 'This is a message written by user testUser6 on 2014-04-10 01:10:37', TIMESTAMP '2014-04-10 01:10:37');
INSERT INTO FEEDS_MESSAGE(userName, textMessage, publishDate) VALUES ('testUser6', 'This is a message written by user testUser6 on 2014-08-08 11:40:24', TIMESTAMP '2014-08-08 11:40:24');
INSERT INTO FEEDS_MESSAGE(userName, textMessage, publishDate) VALUES ('testUser6', 'This is a message written by user testUser6 on 2013-12-05 04:56:09', TIMESTAMP '2013-12-05 04:56:09');
INSERT INTO FEEDS_MESSAGE(userName, textMessage, publishDate) VALUES ('testUser6', 'This is a message written by user testUser6 on 2013-04-26 07:43:06', TIMESTAMP '2013-04-26 07:43:06');
INSERT INTO FEEDS_MESSAGE(userName, textMessage, publishDate) VALUES ('testUser6', 'This is a message written by user testUser6 on 2013-11-13 04:02:08', TIMESTAMP '2013-11-13 04:02:08');
INSERT INTO FEEDS_MESSAGE(userName, textMessage, publishDate) VALUES ('testUser6', 'This is a message written by user testUser6 on 2012-08-23 08:19:18', TIMESTAMP '2012-08-23 08:19:18');
INSERT INTO FEEDS_MESSAGE(userName, textMessage, publishDate) VALUES ('testUser6', 'This is a message written by user testUser6 on 2012-11-07 11:51:05', TIMESTAMP '2012-11-07 11:51:05');
INSERT INTO FEEDS_MESSAGE(userName, textMessage, publishDate) VALUES ('testUser6', 'This is a message written by user testUser6 on 2013-05-04 05:47:35', TIMESTAMP '2013-05-04 05:47:35');
INSERT INTO FEEDS_MESSAGE(userName, textMessage, publishDate) VALUES ('testUser6', 'This is a message written by user testUser6 on 2013-11-26 06:16:48', TIMESTAMP '2013-11-26 06:16:48');
INSERT INTO FEEDS_MESSAGE(userName, textMessage, publishDate) VALUES ('testUser6', 'This is a message written by user testUser6 on 2013-12-16 07:08:16', TIMESTAMP '2013-12-16 07:08:16');
INSERT INTO FEEDS_MESSAGE(userName, textMessage, publishDate) VALUES ('testUser6', 'This is a message written by user testUser6 on 2014-02-13 00:08:39', TIMESTAMP '2014-02-13 00:08:39');
INSERT INTO FEEDS_MESSAGE(userName, textMessage, publishDate) VALUES ('testUser6', 'This is a message written by user testUser6 on 2014-10-19 06:36:37', TIMESTAMP '2014-10-19 06:36:37');
INSERT INTO FEEDS_MESSAGE(userName, textMessage, publishDate) VALUES ('testUser6', 'This is a message written by user testUser6 on 2014-04-14 08:45:37', TIMESTAMP '2014-04-14 08:45:37');
INSERT INTO FEEDS_MESSAGE(userName, textMessage, publishDate) VALUES ('testUser6', 'This is a message written by user testUser6 on 2016-08-28 07:20:53', TIMESTAMP '2016-08-28 07:20:53');
INSERT INTO FEEDS_MESSAGE(userName, textMessage, publishDate) VALUES ('testUser6', 'This is a message written by user testUser6 on 2015-10-16 01:03:19', TIMESTAMP '2015-10-16 01:03:19');
INSERT INTO FEEDS_MESSAGE(userName, textMessage, publishDate) VALUES ('testUser6', 'This is a message written by user testUser6 on 2015-02-24 04:06:18', TIMESTAMP '2015-02-24 04:06:18');
INSERT INTO FEEDS_MESSAGE(userName, textMessage, publishDate) VALUES ('testUser6', 'This is a message written by user testUser6 on 2015-10-10 10:23:02', TIMESTAMP '2015-10-10 10:23:02');
INSERT INTO FEEDS_MESSAGE(userName, textMessage, publishDate) VALUES ('testUser6', 'This is a message written by user testUser6 on 2015-03-23 01:26:38', TIMESTAMP '2015-03-23 01:26:38');
INSERT INTO FEEDS_MESSAGE(userName, textMessage, publishDate) VALUES ('testUser6', 'This is a message written by user testUser6 on 2014-08-01 06:45:51', TIMESTAMP '2014-08-01 06:45:51');
INSERT INTO FEEDS_MESSAGE(userName, textMessage, publishDate) VALUES ('testUser6', 'This is a message written by user testUser6 on 2014-02-05 03:55:38', TIMESTAMP '2014-02-05 03:55:38');
INSERT INTO FEEDS_MESSAGE(userName, textMessage, publishDate) VALUES ('testUser7', 'This is a message written by user testUser7 on 2014-07-23 08:38:17', TIMESTAMP '2014-07-23 08:38:17');
INSERT INTO FEEDS_MESSAGE(userName, textMessage, publishDate) VALUES ('testUser7', 'This is a message written by user testUser7 on 2014-07-30 06:52:07', TIMESTAMP '2014-07-30 06:52:07');
INSERT INTO FEEDS_MESSAGE(userName, textMessage, publishDate) VALUES ('testUser7', 'This is a message written by user testUser7 on 2015-08-21 06:46:51', TIMESTAMP '2015-08-21 06:46:51');
INSERT INTO FEEDS_MESSAGE(userName, textMessage, publishDate) VALUES ('testUser7', 'This is a message written by user testUser7 on 2015-03-23 06:23:45', TIMESTAMP '2015-03-23 06:23:45');
INSERT INTO FEEDS_MESSAGE(userName, textMessage, publishDate) VALUES ('testUser7', 'This is a message written by user testUser7 on 2016-01-23 06:46:32', TIMESTAMP '2016-01-23 06:46:32');
INSERT INTO FEEDS_MESSAGE(userName, textMessage, publishDate) VALUES ('testUser7', 'This is a message written by user testUser7 on 2016-01-30 04:09:52', TIMESTAMP '2016-01-30 04:09:52');
INSERT INTO FEEDS_MESSAGE(userName, textMessage, publishDate) VALUES ('testUser7', 'This is a message written by user testUser7 on 2016-01-12 06:57:34', TIMESTAMP '2016-01-12 06:57:34');
INSERT INTO FEEDS_MESSAGE(userName, textMessage, publishDate) VALUES ('testUser7', 'This is a message written by user testUser7 on 2016-02-11 06:53:55', TIMESTAMP '2016-02-11 06:53:55');
INSERT INTO FEEDS_MESSAGE(userName, textMessage, publishDate) VALUES ('testUser7', 'This is a message written by user testUser7 on 2016-06-18 02:36:45', TIMESTAMP '2016-06-18 02:36:45');
INSERT INTO FEEDS_MESSAGE(userName, textMessage, publishDate) VALUES ('testUser7', 'This is a message written by user testUser7 on 2016-04-19 09:03:08', TIMESTAMP '2016-04-19 09:03:08');
INSERT INTO FEEDS_MESSAGE(userName, textMessage, publishDate) VALUES ('testUser7', 'This is a message written by user testUser7 on 2016-09-03 11:30:56', TIMESTAMP '2016-09-03 11:30:56');
INSERT INTO FEEDS_MESSAGE(userName, textMessage, publishDate) VALUES ('testUser7', 'This is a message written by user testUser7 on 2015-08-21 07:43:49', TIMESTAMP '2015-08-21 07:43:49');
INSERT INTO FEEDS_MESSAGE(userName, textMessage, publishDate) VALUES ('testUser7', 'This is a message written by user testUser7 on 2015-10-30 08:13:37', TIMESTAMP '2015-10-30 08:13:37');
INSERT INTO FEEDS_MESSAGE(userName, textMessage, publishDate) VALUES ('testUser8', 'This is a message written by user testUser8 on 2015-08-04 03:00:07', TIMESTAMP '2015-08-04 03:00:07');
INSERT INTO FEEDS_MESSAGE(userName, textMessage, publishDate) VALUES ('testUser8', 'This is a message written by user testUser8 on 2014-03-06 02:50:03', TIMESTAMP '2014-03-06 02:50:03');
INSERT INTO FEEDS_MESSAGE(userName, textMessage, publishDate) VALUES ('testUser8', 'This is a message written by user testUser8 on 2014-07-21 04:09:22', TIMESTAMP '2014-07-21 04:09:22');
INSERT INTO FEEDS_MESSAGE(userName, textMessage, publishDate) VALUES ('testUser8', 'This is a message written by user testUser8 on 2014-03-17 10:29:06', TIMESTAMP '2014-03-17 10:29:06');
INSERT INTO FEEDS_MESSAGE(userName, textMessage, publishDate) VALUES ('testUser8', 'This is a message written by user testUser8 on 2013-02-20 02:41:32', TIMESTAMP '2013-02-20 02:41:32');
INSERT INTO FEEDS_MESSAGE(userName, textMessage, publishDate) VALUES ('testUser8', 'This is a message written by user testUser8 on 2013-11-19 00:14:32', TIMESTAMP '2013-11-19 00:14:32');
INSERT INTO FEEDS_MESSAGE(userName, textMessage, publishDate) VALUES ('testUser8', 'This is a message written by user testUser8 on 2012-04-05 08:31:48', TIMESTAMP '2012-04-05 08:31:48');
INSERT INTO FEEDS_MESSAGE(userName, textMessage, publishDate) VALUES ('testUser8', 'This is a message written by user testUser8 on 2012-03-10 04:53:48', TIMESTAMP '2012-03-10 04:53:48');
INSERT INTO FEEDS_MESSAGE(userName, textMessage, publishDate) VALUES ('testUser8', 'This is a message written by user testUser8 on 2014-05-09 00:24:40', TIMESTAMP '2014-05-09 00:24:40');
INSERT INTO FEEDS_MESSAGE(userName, textMessage, publishDate) VALUES ('testUser8', 'This is a message written by user testUser8 on 2014-07-21 03:18:13', TIMESTAMP '2014-07-21 03:18:13');
INSERT INTO FEEDS_MESSAGE(userName, textMessage, publishDate) VALUES ('testUser8', 'This is a message written by user testUser8 on 2014-04-15 04:56:24', TIMESTAMP '2014-04-15 04:56:24');
INSERT INTO FEEDS_MESSAGE(userName, textMessage, publishDate) VALUES ('testUser8', 'This is a message written by user testUser8 on 2014-03-16 11:06:11', TIMESTAMP '2014-03-16 11:06:11');
INSERT INTO FEEDS_MESSAGE(userName, textMessage, publishDate) VALUES ('testUser8', 'This is a message written by user testUser8 on 2014-04-02 11:18:19', TIMESTAMP '2014-04-02 11:18:19');
INSERT INTO FEEDS_MESSAGE(userName, textMessage, publishDate) VALUES ('testUser8', 'This is a message written by user testUser8 on 2015-05-11 00:27:53', TIMESTAMP '2015-05-11 00:27:53');
INSERT INTO FEEDS_MESSAGE(userName, textMessage, publishDate) VALUES ('testUser8', 'This is a message written by user testUser8 on 2015-12-30 05:29:05', TIMESTAMP '2015-12-30 05:29:05');
INSERT INTO FEEDS_MESSAGE(userName, textMessage, publishDate) VALUES ('testUser8', 'This is a message written by user testUser8 on 2015-10-28 07:46:25', TIMESTAMP '2015-10-28 07:46:25');
INSERT INTO FEEDS_MESSAGE(userName, textMessage, publishDate) VALUES ('testUser8', 'This is a message written by user testUser8 on 2015-04-12 04:50:30', TIMESTAMP '2015-04-12 04:50:30');
INSERT INTO FEEDS_MESSAGE(userName, textMessage, publishDate) VALUES ('testUser8', 'This is a message written by user testUser8 on 2015-06-09 06:43:23', TIMESTAMP '2015-06-09 06:43:23');
INSERT INTO FEEDS_MESSAGE(userName, textMessage, publishDate) VALUES ('testUser8', 'This is a message written by user testUser8 on 2015-11-21 01:33:33', TIMESTAMP '2015-11-21 01:33:33');
INSERT INTO FEEDS_MESSAGE(userName, textMessage, publishDate) VALUES ('testUser8', 'This is a message written by user testUser8 on 2015-12-11 05:39:41', TIMESTAMP '2015-12-11 05:39:41');
INSERT INTO FEEDS_MESSAGE(userName, textMessage, publishDate) VALUES ('testUser8', 'This is a message written by user testUser8 on 2016-01-06 06:30:25', TIMESTAMP '2016-01-06 06:30:25');
INSERT INTO FEEDS_MESSAGE(userName, textMessage, publishDate) VALUES ('testUser8', 'This is a message written by user testUser8 on 2016-02-15 10:51:45', TIMESTAMP '2016-02-15 10:51:45');
INSERT INTO FEEDS_MESSAGE(userName, textMessage, publishDate) VALUES ('testUser8', 'This is a message written by user testUser8 on 2016-02-07 08:06:45', TIMESTAMP '2016-02-07 08:06:45');
INSERT INTO FEEDS_MESSAGE(userName, textMessage, publishDate) VALUES ('testUser9', 'This is a message written by user testUser9 on 2015-11-27 01:49:43', TIMESTAMP '2015-11-27 01:49:43');
INSERT INTO FEEDS_MESSAGE(userName, textMessage, publishDate) VALUES ('testUser9', 'This is a message written by user testUser9 on 2015-08-14 06:18:54', TIMESTAMP '2015-08-14 06:18:54');
INSERT INTO FEEDS_MESSAGE(userName, textMessage, publishDate) VALUES ('testUser9', 'This is a message written by user testUser9 on 2013-07-18 08:53:53', TIMESTAMP '2013-07-18 08:53:53');
INSERT INTO FEEDS_MESSAGE(userName, textMessage, publishDate) VALUES ('testUser9', 'This is a message written by user testUser9 on 2014-10-08 08:25:00', TIMESTAMP '2014-10-08 08:25:00');
INSERT INTO FEEDS_MESSAGE(userName, textMessage, publishDate) VALUES ('testUser9', 'This is a message written by user testUser9 on 2014-09-14 10:50:49', TIMESTAMP '2014-09-14 10:50:49');
INSERT INTO FEEDS_MESSAGE(userName, textMessage, publishDate) VALUES ('testUser9', 'This is a message written by user testUser9 on 2013-11-19 00:17:12', TIMESTAMP '2013-11-19 00:17:12');
INSERT INTO FEEDS_MESSAGE(userName, textMessage, publishDate) VALUES ('testUser9', 'This is a message written by user testUser9 on 2013-08-18 00:57:12', TIMESTAMP '2013-08-18 00:57:12');
INSERT INTO FEEDS_MESSAGE(userName, textMessage, publishDate) VALUES ('testUser9', 'This is a message written by user testUser9 on 2013-09-06 06:38:22', TIMESTAMP '2013-09-06 06:38:22');
INSERT INTO FEEDS_MESSAGE(userName, textMessage, publishDate) VALUES ('testUser9', 'This is a message written by user testUser9 on 2014-09-04 02:18:44', TIMESTAMP '2014-09-04 02:18:44');
INSERT INTO FEEDS_MESSAGE(userName, textMessage, publishDate) VALUES ('testUser9', 'This is a message written by user testUser9 on 2015-11-07 10:10:21', TIMESTAMP '2015-11-07 10:10:21');
INSERT INTO FEEDS_MESSAGE(userName, textMessage, publishDate) VALUES ('testUser9', 'This is a message written by user testUser9 on 2015-07-27 00:15:16', TIMESTAMP '2015-07-27 00:15:16');
INSERT INTO FEEDS_MESSAGE(userName, textMessage, publishDate) VALUES ('testUser9', 'This is a message written by user testUser9 on 2015-10-28 09:55:54', TIMESTAMP '2015-10-28 09:55:54');
INSERT INTO FEEDS_MESSAGE(userName, textMessage, publishDate) VALUES ('testUser9', 'This is a message written by user testUser9 on 2015-01-05 09:41:37', TIMESTAMP '2015-01-05 09:41:37');
INSERT INTO FEEDS_MESSAGE(userName, textMessage, publishDate) VALUES ('testUser9', 'This is a message written by user testUser9 on 2015-04-05 06:07:37', TIMESTAMP '2015-04-05 06:07:37');
INSERT INTO FEEDS_MESSAGE(userName, textMessage, publishDate) VALUES ('testUser9', 'This is a message written by user testUser9 on 2014-09-18 02:53:48', TIMESTAMP '2014-09-18 02:53:48');
INSERT INTO FEEDS_MESSAGE(userName, textMessage, publishDate) VALUES ('testUser9', 'This is a message written by user testUser9 on 2016-06-21 07:36:41', TIMESTAMP '2016-06-21 07:36:41');
INSERT INTO FEEDS_MESSAGE(userName, textMessage, publishDate) VALUES ('testUser9', 'This is a message written by user testUser9 on 2015-10-08 02:09:44', TIMESTAMP '2015-10-08 02:09:44');
INSERT INTO FEEDS_MESSAGE(userName, textMessage, publishDate) VALUES ('testUser9', 'This is a message written by user testUser9 on 2014-05-27 07:34:28', TIMESTAMP '2014-05-27 07:34:28');
INSERT INTO FEEDS_MESSAGE(userName, textMessage, publishDate) VALUES ('testUser9', 'This is a message written by user testUser9 on 2014-03-14 03:43:14', TIMESTAMP '2014-03-14 03:43:14');
INSERT INTO FEEDS_MESSAGE(userName, textMessage, publishDate) VALUES ('testUser9', 'This is a message written by user testUser9 on 2014-08-09 03:50:55', TIMESTAMP '2014-08-09 03:50:55');
INSERT INTO FEEDS_MESSAGE(userName, textMessage, publishDate) VALUES ('testUser9', 'This is a message written by user testUser9 on 2016-07-15 02:58:33', TIMESTAMP '2016-07-15 02:58:33');
INSERT INTO FEEDS_MESSAGE(userName, textMessage, publishDate) VALUES ('testUser9', 'This is a message written by user testUser9 on 2015-09-17 09:29:27', TIMESTAMP '2015-09-17 09:29:27');
INSERT INTO FEEDS_MESSAGE(userName, textMessage, publishDate) VALUES ('testUser9', 'This is a message written by user testUser9 on 2016-08-20 10:43:30', TIMESTAMP '2016-08-20 10:43:30');
INSERT INTO FEEDS_MESSAGE(userName, textMessage, publishDate) VALUES ('testUser9', 'This is a message written by user testUser9 on 2015-12-05 03:10:19', TIMESTAMP '2015-12-05 03:10:19');
INSERT INTO FEEDS_MESSAGE(userName, textMessage, publishDate) VALUES ('testUser9', 'This is a message written by user testUser9 on 2014-06-26 08:51:45', TIMESTAMP '2014-06-26 08:51:45');
INSERT INTO FEEDS_MESSAGE(userName, textMessage, publishDate) VALUES ('testUser9', 'This is a message written by user testUser9 on 2014-11-06 08:58:00', TIMESTAMP '2014-11-06 08:58:00');
INSERT INTO FEEDS_MESSAGE(userName, textMessage, publishDate) VALUES ('testUser10', 'This is a message written by user user010 on 2014-07-14 07:57:53', TIMESTAMP '2014-07-14 07:57:53');
INSERT INTO FEEDS_MESSAGE(userName, textMessage, publishDate) VALUES ('testUser10', 'This is a message written by user user010 on 2014-04-24 07:35:30', TIMESTAMP '2014-04-24 07:35:30');
INSERT INTO FEEDS_MESSAGE(userName, textMessage, publishDate) VALUES ('testUser10', 'This is a message written by user user010 on 2014-10-19 02:52:57', TIMESTAMP '2014-10-19 02:52:57');
INSERT INTO FEEDS_MESSAGE(userName, textMessage, publishDate) VALUES ('testUser10', 'This is a message written by user user010 on 2014-09-27 04:15:55', TIMESTAMP '2014-09-27 04:15:55');
INSERT INTO FEEDS_MESSAGE(userName, textMessage, publishDate) VALUES ('testUser10', 'This is a message written by user user010 on 2016-04-15 00:22:19', TIMESTAMP '2016-04-15 00:22:19');
INSERT INTO FEEDS_MESSAGE(userName, textMessage, publishDate) VALUES ('testUser10', 'This is a message written by user user010 on 2015-09-05 03:28:15', TIMESTAMP '2015-09-05 03:28:15');
INSERT INTO FEEDS_MESSAGE(userName, textMessage, publishDate) VALUES ('testUser10', 'This is a message written by user user010 on 2016-08-07 01:01:00', TIMESTAMP '2016-08-07 01:01:00');
INSERT INTO FEEDS_MESSAGE(userName, textMessage, publishDate) VALUES ('testUser10', 'This is a message written by user user010 on 2015-10-19 09:40:00', TIMESTAMP '2015-10-19 09:40:00');
INSERT INTO FEEDS_MESSAGE(userName, textMessage, publishDate) VALUES ('testUser10', 'This is a message written by user user010 on 2014-11-25 04:20:31', TIMESTAMP '2014-03-10 11:35:46');
INSERT INTO FEEDS_MESSAGE(userName, textMessage, publishDate) VALUES ('testUser10', 'This is a message written by user user010 on 2014-11-25 04:20:31', TIMESTAMP '2014-11-25 04:20:31');
INSERT INTO FEEDS_MESSAGE(userName, textMessage, publishDate) VALUES ('testUser10', 'This is a message written by user user010 on 2014-03-12 03:55:58', TIMESTAMP '2014-03-12 03:55:58');
INSERT INTO FEEDS_MESSAGE(userName, textMessage, publishDate) VALUES ('testUser10', 'This is a message written by user user010 on 2013-08-03 04:27:00', TIMESTAMP '2013-08-03 04:27:00');
INSERT INTO FEEDS_MESSAGE(userName, textMessage, publishDate) VALUES ('testUser10', 'This is a message written by user user010 on 2014-11-11 10:23:41', TIMESTAMP '2014-11-11 10:23:41');
INSERT INTO FEEDS_MESSAGE(userName, textMessage, publishDate) VALUES ('testUser10', 'This is a message written by user user010 on 2012-02-14 11:20:13', TIMESTAMP '2012-02-14 11:20:13');
INSERT INTO FEEDS_MESSAGE(userName, textMessage, publishDate) VALUES ('testUser10', 'This is a message written by user user010 on 2014-01-20 00:29:25', TIMESTAMP '2014-01-20 00:29:25');
INSERT INTO FEEDS_MESSAGE(userName, textMessage, publishDate) VALUES ('testUser10', 'This is a message written by user user010 on 2012-05-05 01:15:49', TIMESTAMP '2012-05-05 01:15:49');
INSERT INTO FEEDS_MESSAGE(userName, textMessage, publishDate) VALUES ('testUser10', 'This is a message written by user user010 on 2012-02-18 10:20:00', TIMESTAMP '2012-02-18 10:20:00');
INSERT INTO FEEDS_MESSAGE(userName, textMessage, publishDate) VALUES ('testUser10', 'This is a message written by user user010 on 2012-05-30 09:26:19', TIMESTAMP '2012-05-30 09:26:19');
INSERT INTO FEEDS_MESSAGE(userName, textMessage, publishDate) VALUES ('testUser10', 'This is a message written by user user010 on 2014-06-28 08:24:55', TIMESTAMP '2014-06-28 08:24:55');
INSERT INTO FEEDS_MESSAGE(userName, textMessage, publishDate) VALUES ('testUser10', 'This is a message written by user user010 on 2014-11-16 02:01:35', TIMESTAMP '2014-11-16 02:01:35');
INSERT INTO FEEDS_MESSAGE(userName, textMessage, publishDate) VALUES ('testUser10', 'This is a message written by user user010 on 2013-12-21 06:10:28', TIMESTAMP '2013-12-21 06:10:28');
INSERT INTO FEEDS_MESSAGE(userName, textMessage, publishDate) VALUES ('testUser10', 'This is a message written by user user010 on 2013-02-01 06:39:10', TIMESTAMP '2013-02-01 06:39:10');
INSERT INTO FEEDS_MESSAGE(userName, textMessage, publishDate) VALUES ('testUser10', 'This is a message written by user user010 on 2015-04-26 07:05:25', TIMESTAMP '2015-04-26 07:05:25');
INSERT INTO FEEDS_MESSAGE(userName, textMessage, publishDate) VALUES ('testUser10', 'This is a message written by user user010 on 2014-02-17 11:28:02', TIMESTAMP '2015-08-13 03:15:56');
INSERT INTO FEEDS_MESSAGE(userName, textMessage, publishDate) VALUES ('testUser10', 'This is a message written by user user010 on 2014-02-17 11:28:02', TIMESTAMP '2014-02-17 11:28:02');
INSERT INTO FEEDS_MESSAGE(userName, textMessage, publishDate) VALUES ('testUser10', 'This is a message written by user user010 on 2014-03-01 11:07:31', TIMESTAMP '2014-03-01 11:07:31');
INSERT INTO FEEDS_MESSAGE(userName, textMessage, publishDate) VALUES ('testUser10', 'This is a message written by user user010 on 2015-10-16 09:40:11', TIMESTAMP '2015-10-16 09:40:11');
INSERT INTO FEEDS_MESSAGE(userName, textMessage, publishDate) VALUES ('testUser10', 'This is a message written by user user010 on 2016-07-10 08:38:31', TIMESTAMP '2016-07-10 08:38:31');
INSERT INTO FEEDS_MESSAGE(userName, textMessage, publishDate) VALUES ('testUser10', 'This is a message written by user user010 on 2016-01-04 11:56:22', TIMESTAMP '2016-01-04 11:56:22');
